step,avg_reward
0,173.11638
1,169.93549
2,169.542
