step,avg_reward0,avg_reward1,avg_reward2,avg_reward3,avg_reward_coordinate
0,-206.02747,-201.7037,-200.405,-608.1362
1,-207.00476,-200.73259,-200.37663,-608.11395
