step,avg_reward0,avg_reward1,avg_reward2,avg_reward3,avg_reward_coordinate
0,-199.79912,-196.71324,-199.77039,-596.2828
1,-201.8508,-196.34862,-197.54842,-595.74774
