step,avg_reward0,avg_reward1,avg_reward2,avg_reward3,avg_reward_coordinate
0,-204.75978,-197.74843,-193.4436,-595.95184
1,-201.26865,-199.06226,-196.2858,-596.61664
