step,avg_reward0,avg_reward1,avg_reward2,avg_reward3,avg_reward_coordinate
0,-209.93843,-205.74463,-207.9469,-623.63
1,-214.12529,-206.18135,-205.07149,-625.3782
