step,avg_reward0,avg_reward1,avg_reward2,avg_reward3,avg_reward_coordinate
0,-194.03802,-197.4541,-200.97069,-592.46277
1,-193.75029,-197.70798,-197.3715,-588.8298
