step,avg_reward0,avg_reward1,avg_reward2,avg_reward3,avg_reward_coordinate
0,-195.45726,-200.43369,-195.99861,-591.8896
1,-198.8029,-200.27168,-198.20497,-597.2796
