step,avg_reward0,avg_reward1,avg_reward2,avg_reward3,avg_reward_coordinate
0,-198.20715,-196.91852,-199.29793,-594.4235
1,-196.92001,-196.99965,-199.78316,-593.7029
